Course Name,URL,Course ID
NTU Test2,https://cool.ntu.edu.tw/courses/16,16
課程數位化百寶箱,https://cool.ntu.edu.tw/courses/20,20
2019 TA,https://cool.ntu.edu.tw/courses/156,156
微積分甲考古題,https://cool.ntu.edu.tw/courses/694,694
微積分乙考古題,https://cool.ntu.edu.tw/courses/709,709
Global Health Policy,https://cool.ntu.edu.tw/courses/986,986
前瞻生命科學論壇 (PROG5204),https://cool.ntu.edu.tw/courses/1711,1711
DLTA,https://cool.ntu.edu.tw/courses/1838,1838
109 COOL 測試課程,https://cool.ntu.edu.tw/courses/3292,3292
高等作業系統 (CSIE7010),https://cool.ntu.edu.tw/courses/3533,3533
水資源系統分析 (CIE7040),https://cool.ntu.edu.tw/courses/3895,3895
國際生實用華語 (一) (PTCSL7910-03),https://cool.ntu.edu.tw/courses/4194,4194
MergeTest02,https://cool.ntu.edu.tw/courses/4345,4345
學術英語面面觀 English for Academic Purposes,https://cool.ntu.edu.tw/courses/4448,4448
0205 course-code,https://cool.ntu.edu.tw/courses/4726,4726
光譜與對稱 (CHEM5040),https://cool.ntu.edu.tw/courses/5284,5284
學術研究與寫作初階 (CHIN5046),https://cool.ntu.edu.tw/courses/7143,7143
中國文學史概說一 (CHIN2225),https://cool.ntu.edu.tw/courses/7144,7144
歷代文選及習作上 (CHIN2005-02),https://cool.ntu.edu.tw/courses/7145,7145
無線網路基礎與應用 (CSIE5521),https://cool.ntu.edu.tw/courses/7158,7158
大學國文：文化思想與寫作（一） (CHIN8014-29),https://cool.ntu.edu.tw/courses/7176,7176
歷代文選及習作上 (CHIN2005-01),https://cool.ntu.edu.tw/courses/7177,7177
大學國文：閱讀與寫作（一） (CHIN8016-08),https://cool.ntu.edu.tw/courses/7175,7175
文學概論上 (CHIN1005-02),https://cool.ntu.edu.tw/courses/7195,7195
統計學一上 (MGT2001-06),https://cool.ntu.edu.tw/courses/7191,7191
明清詩選讀 (CHIN3047),https://cool.ntu.edu.tw/courses/7281,7281
程式設計與資料分析 (GENEDU5011),https://cool.ntu.edu.tw/courses/7338,7338
金屬製程 (MSE5042),https://cool.ntu.edu.tw/courses/7392,7392
金屬材料特論 (MSE7049),https://cool.ntu.edu.tw/courses/7396,7396
水質化學 (GEO5148),https://cool.ntu.edu.tw/courses/7431,7431
海洋溶解有機物導論 (OCEAN5047),https://cool.ntu.edu.tw/courses/7432,7432
青少年福利服務專題 (SW7019),https://cool.ntu.edu.tw/courses/7425,7425
沿岸海洋學 (OCEAN7134),https://cool.ntu.edu.tw/courses/7433,7433
服務學習甲校內服務 (STUACT1036-03),https://cool.ntu.edu.tw/courses/7461,7461
雲動力學 (ATMSCI7065),https://cool.ntu.edu.tw/courses/7468,7468
系統動態學 (ME5214),https://cool.ntu.edu.tw/courses/7477,7477
單元操作專題 (CHEME5010),https://cool.ntu.edu.tw/courses/7483,7483
助人專業者之個人成長專題 (SW7048),https://cool.ntu.edu.tw/courses/7495,7495
閱讀理解策略教學 (EDUTCH5328),https://cool.ntu.edu.tw/courses/7514,7514
族群生態與漁業資源永續 (OCEAN5105),https://cool.ntu.edu.tw/courses/7516,7516
生物統計學 (LS3022),https://cool.ntu.edu.tw/courses/7519,7519
經濟史一 (ECON3007),https://cool.ntu.edu.tw/courses/7553,7553
內外科護理學一 (NURSE3001),https://cool.ntu.edu.tw/courses/7565,7565
天文數據分析 (ASPHYS7021),https://cool.ntu.edu.tw/courses/7598,7598
認識基本權與基本權案例研習 (PMLBA7019),https://cool.ntu.edu.tw/courses/7606,7606
法學論證與論文寫作方法 (PMLBA7021),https://cool.ntu.edu.tw/courses/7608,7608
憲政國家運作原理與實例分析 (PMLBA7020),https://cool.ntu.edu.tw/courses/7607,7607
身體檢查與評估 (BSN2004),https://cool.ntu.edu.tw/courses/7612,7612
會計學甲一上 (MGT1003-09),https://cool.ntu.edu.tw/courses/7657,7657
近世東亞詩話專題研究 (CHIN7493),https://cool.ntu.edu.tw/courses/7661,7661
食品營養概論 (BST1006-03),https://cool.ntu.edu.tw/courses/7666,7666
探索臺灣：農業與食品生技 (BST1009),https://cool.ntu.edu.tw/courses/7670,7670
柔道初級 (PE2041-95),https://cool.ntu.edu.tw/courses/7698,7698
普通物理學甲上 (PHYS1006-02),https://cool.ntu.edu.tw/courses/7700,7700
足球初級 (PE2071-51),https://cool.ntu.edu.tw/courses/7724,7724
足球中級 (PE2072-53),https://cool.ntu.edu.tw/courses/7725,7725
健康體適能 (PE1003-52),https://cool.ntu.edu.tw/courses/7729,7729
健康體適能 (PE1003-50),https://cool.ntu.edu.tw/courses/7728,7728
室內五人制足球初級 (PE2142-54),https://cool.ntu.edu.tw/courses/7726,7726
公法專題 (GIPA7003),https://cool.ntu.edu.tw/courses/7741,7741
行政法一 (PS2301),https://cool.ntu.edu.tw/courses/7752,7752
國際公法 (LAW2090),https://cool.ntu.edu.tw/courses/7758,7758
中國政治思想專題 (PS7011),https://cool.ntu.edu.tw/courses/7763,7763
國際關係一 (PS1011-01),https://cool.ntu.edu.tw/courses/7765,7765
國學概說上 (CHIN2237),https://cool.ntu.edu.tw/courses/7773,7773
近代日本國際關係專題 (PS5686),https://cool.ntu.edu.tw/courses/7767,7767
計算機程式設計 (EE3031),https://cool.ntu.edu.tw/courses/7774,7774
身體檢查與評估 (NURSE2007),https://cool.ntu.edu.tw/courses/7776,7776
身體檢查與評估實習 (BSN2005),https://cool.ntu.edu.tw/courses/7785,7785
內外科護理學一 (BSN3001),https://cool.ntu.edu.tw/courses/7786,7786
內外科護理學二 (BSN3003),https://cool.ntu.edu.tw/courses/7787,7787
一般醫學保健 (MD&PH5011),https://cool.ntu.edu.tw/courses/7791,7791
極區氣候變化 (ATMSCI7098),https://cool.ntu.edu.tw/courses/7804,7804
文化創意產業 (SOC3052),https://cool.ntu.edu.tw/courses/7825,7825
兩漢史傳故事選一 (CHIN2256),https://cool.ntu.edu.tw/courses/7835,7835
大學國文：閱讀與寫作（一） (CHIN8016-17),https://cool.ntu.edu.tw/courses/7836,7836
民法債編總論二 (LAW2069-01),https://cool.ntu.edu.tw/courses/7848,7848
BIM技術與應用 (CIE5086-01),https://cool.ntu.edu.tw/courses/7851,7851
普通植物學實驗 (LS1019-03),https://cool.ntu.edu.tw/courses/7865,7865
新生專題 (GENEDU1000-01),https://cool.ntu.edu.tw/courses/7884,7884
分析一 (MATH5232),https://cool.ntu.edu.tw/courses/7901,7901
微積分預備課程 (MATH4012),https://cool.ntu.edu.tw/courses/7915,7915
比較憲法與轉型正義：全球案例 (LAW5486),https://cool.ntu.edu.tw/courses/7927,7927
香港的歷史與文化 (HIST2166),https://cool.ntu.edu.tw/courses/7955,7955
當代小說研究專論 (FL7355),https://cool.ntu.edu.tw/courses/7964,7964
證券市場微結構理論 (FIN7006),https://cool.ntu.edu.tw/courses/7970,7970
商業賽局模型一 (FIN7035),https://cool.ntu.edu.tw/courses/7971,7971
工程系統之熱管理對策 (ME5048),https://cool.ntu.edu.tw/courses/7972,7972
新生講座-能力養成 (GENEDU2006),https://cool.ntu.edu.tw/courses/7995,7995
最佳設計 (ME7129),https://cool.ntu.edu.tw/courses/7996,7996
普通生物學實驗丙 (LS1017-05),https://cool.ntu.edu.tw/courses/7999,7999
腦功能影像實驗設計與分析 (GIBMS7112-01),https://cool.ntu.edu.tw/courses/8011,8011
國際投資法與投資仲裁專題討論二 (LAW5616),https://cool.ntu.edu.tw/courses/8013,8013
國際投資法與投資仲裁專題討論一 (LAW5615),https://cool.ntu.edu.tw/courses/8012,8012
國際投資法與投資仲裁專題討論三 (LAW5617),https://cool.ntu.edu.tw/courses/8014,8014
認知科學 (GIBMS7004),https://cool.ntu.edu.tw/courses/8024,8024
WTO法律與實務專題研究二 (LAW5346),https://cool.ntu.edu.tw/courses/8027,8027
WTO法律與實務專題研究一 (LAW5345),https://cool.ntu.edu.tw/courses/8026,8026
WTO法律與實務專題研究三 (LAW5347),https://cool.ntu.edu.tw/courses/8028,8028
認知神經科學 (TIPGIN8012),https://cool.ntu.edu.tw/courses/8039,8039
普通植物學實驗 (LS1019-01),https://cool.ntu.edu.tw/courses/8047,8047
都市更新與再生 (BP7095),https://cool.ntu.edu.tw/courses/8053,8053
領導學導論 (PROG5105),https://cool.ntu.edu.tw/courses/8056,8056
你所不知道的昆蟲學 (LIBEDU1067),https://cool.ntu.edu.tw/courses/8073,8073
金融科技法制與政策專題研究一 (LAW7317),https://cool.ntu.edu.tw/courses/8080,8080
人類發展學 (BSN2001),https://cool.ntu.edu.tw/courses/8110,8110
創新醫療器材設計 (BEBI5002),https://cool.ntu.edu.tw/courses/8115,8115
植物細胞與組織培養實習 (AGRON5029),https://cool.ntu.edu.tw/courses/8132,8132
探索臺灣：自然資源保育與經營管理 (FOREST5071-01),https://cool.ntu.edu.tw/courses/8147,8147
林業概論 (FOREST1003),https://cool.ntu.edu.tw/courses/8148,8148
線蟲學與實驗 (PPM2012),https://cool.ntu.edu.tw/courses/8172,8172
統計學一上 (MGT2001),https://cool.ntu.edu.tw/courses/8174,8174
語料庫輔助華語教學 (PTCSL7250),https://cool.ntu.edu.tw/courses/8202,8202
國際生商務華語 (PTCSL7913),https://cool.ntu.edu.tw/courses/8208,8208
預測，語言，與大腦 (LING5001),https://cool.ntu.edu.tw/courses/8230,8230
近世代數一 (MATH5001),https://cool.ntu.edu.tw/courses/8231,8231
幸福與人生 (PSY1012),https://cool.ntu.edu.tw/courses/8247,8247
密碼學 (EE5060),https://cool.ntu.edu.tw/courses/8300,8300
典藏自然：自然史博物館巡禮 (EEB5097),https://cool.ntu.edu.tw/courses/8309,8309
詩選及習作甲上 (CHIN2007-01),https://cool.ntu.edu.tw/courses/8313,8313
國際人權法專題討論一 (LAW5197),https://cool.ntu.edu.tw/courses/8331,8331
個體經濟學原理與實習 (ECON1020-03),https://cool.ntu.edu.tw/courses/8332,8332
比較政府一 (PS2001-02),https://cool.ntu.edu.tw/courses/8335,8335
生物化學乙上 (BST3014),https://cool.ntu.edu.tw/courses/8351,8351
統計學 (AGRON2002-02),https://cool.ntu.edu.tw/courses/8352,8352
學士論文 (Hist4997),https://cool.ntu.edu.tw/courses/8363,8363
二十世紀英國文學 (FL3004),https://cool.ntu.edu.tw/courses/8379,8379
藝術與創作 (PROG5240),https://cool.ntu.edu.tw/courses/8386,8386
大洋洲民族誌 (ANTH3018),https://cool.ntu.edu.tw/courses/8391,8391
中階統計 (PSY3010),https://cool.ntu.edu.tw/courses/8418,8418
日文一上 (JPNL2017-27),https://cool.ntu.edu.tw/courses/8439,8439
日文一上 (JPNL2017-38),https://cool.ntu.edu.tw/courses/8440,8440
日文二上 (JPNL3047-10),https://cool.ntu.edu.tw/courses/8441,8441
微積分1 (MATH4006-08),https://cool.ntu.edu.tw/courses/8449,8449
微積分1 (MATH4006-04),https://cool.ntu.edu.tw/courses/8453,8453
微積分1 (MATH4006-19),https://cool.ntu.edu.tw/courses/8451,8451
跨科技整合與應用	INTERDISCIPLINARY TECHNOLOGIES AND APPLICATIONS,https://cool.ntu.edu.tw/courses/8460,8460
森林資源及綠色產業 FOREST RESOURCES AND GREEN INDUSTRY,https://cool.ntu.edu.tw/courses/8461,8461
作物科學導論 (AGRON1008),https://cool.ntu.edu.tw/courses/8497,8497
秦漢學術思想史 (HIST5092),https://cool.ntu.edu.tw/courses/8510,8510
環境微生物 (BSE5160),https://cool.ntu.edu.tw/courses/8519,8519
疫苗學 (EPM5027),https://cool.ntu.edu.tw/courses/8522,8522
環境保護法規 (ENVE7075),https://cool.ntu.edu.tw/courses/8530,8530
財務工程一 (IB7044),https://cool.ntu.edu.tw/courses/8533,8533
統計史導論 (PS4512),https://cool.ntu.edu.tw/courses/8553,8553
東亞民主化專題 (PS5701),https://cool.ntu.edu.tw/courses/8554,8554
英文作文一上 (FL1019-09),https://cool.ntu.edu.tw/courses/8561,8561
環境化學 (ENVE7010),https://cool.ntu.edu.tw/courses/8564,8564
計算機結構 (CSIE3340-02),https://cool.ntu.edu.tw/courses/8578,8578
演算法設計與分析 (CSIE2136-01),https://cool.ntu.edu.tw/courses/8583,8583
食用昆蟲學 (ENT5069),https://cool.ntu.edu.tw/courses/8596,8596
《尼科馬哥倫理學》討論 (PHL7520),https://cool.ntu.edu.tw/courses/8602,8602
西洋哲學史一 (PHL1050),https://cool.ntu.edu.tw/courses/8601,8601
前瞻資訊科技一 (CSIE3015),https://cool.ntu.edu.tw/courses/8610,8610
電子學一暨實驗 (DBME2013),https://cool.ntu.edu.tw/courses/8617,8617
專題討論 (EE7001-01),https://cool.ntu.edu.tw/courses/8618,8618
專題討論 (EE8001-01),https://cool.ntu.edu.tw/courses/8621,8621
讀中生智：英文批判閱讀 (WRITE5026-02),https://cool.ntu.edu.tw/courses/8626,8626
早期美國文學 (FL4003),https://cool.ntu.edu.tw/courses/8639,8639
研究方法學導論 (CLIPHM5003),https://cool.ntu.edu.tw/courses/8647,8647
民法概要乙 (IB2003-02),https://cool.ntu.edu.tw/courses/8645,8645
西洋戲劇名著選讀：古典 (THEA2025),https://cool.ntu.edu.tw/courses/8694,8694
專題討論三 (IPCS7012-02),https://cool.ntu.edu.tw/courses/8704,8704
電工實驗(電力電子) (EE3022),https://cool.ntu.edu.tw/courses/8705,8705
專題討論 (ME7001-01),https://cool.ntu.edu.tw/courses/8717,8717
解剖學 (MED2009-01),https://cool.ntu.edu.tw/courses/8721,8721
統計學一上 (MGT2001-07),https://cool.ntu.edu.tw/courses/8741,8741
生理心理學 (PSY3001),https://cool.ntu.edu.tw/courses/8761,8761
營養教育與傳播 (BICD2041),https://cool.ntu.edu.tw/courses/8776,8776
民主與美國文學：形式或幻想 (FL7356),https://cool.ntu.edu.tw/courses/8814,8814
建築設計 (三) (BP5052),https://cool.ntu.edu.tw/courses/8847,8847
大學國文：文化思想與寫作（一） (CHIN8014-36),https://cool.ntu.edu.tw/courses/8845,8845
大學國文：文化思想與寫作（一） (CHIN8014-13),https://cool.ntu.edu.tw/courses/8844,8844
當代建築 (BP7220),https://cool.ntu.edu.tw/courses/8846,8846
深度學習於電腦視覺 (COMME5052),https://cool.ntu.edu.tw/courses/8854,8854
蒙文（三） (CHIN5106),https://cool.ntu.edu.tw/courses/8859,8859
計算機程式 (EE1004-03),https://cool.ntu.edu.tw/courses/8857,8857
工程數學-線性代數 (EE1002-05),https://cool.ntu.edu.tw/courses/8879,8879
西班牙文一上 (FL2017-06),https://cool.ntu.edu.tw/courses/8881,8881
電工實驗(生醫工程) (EE4057),https://cool.ntu.edu.tw/courses/8936,8936
數位行銷 (BICD3043),https://cool.ntu.edu.tw/courses/8945,8945
農業智慧財產權 (BICD5064),https://cool.ntu.edu.tw/courses/8946,8946
華語文教材教法 (TCSL7003),https://cool.ntu.edu.tw/courses/8947,8947
金融市場與行銷 (MBA5031),https://cool.ntu.edu.tw/courses/8954,8954
高齡身體活動與營養研究 (SPORT7509),https://cool.ntu.edu.tw/courses/8956,8956
普通物理學甲上 (PHYS1006-03),https://cool.ntu.edu.tw/courses/8992,8992
財政學 (ECON3040),https://cool.ntu.edu.tw/courses/8996,8996
古代基督教歷史與文化 (LIBEDU1040),https://cool.ntu.edu.tw/courses/9000,9000
計算機安全 (CSIE7016),https://cool.ntu.edu.tw/courses/9014,9014
法律經濟學概論 (ECON5058),https://cool.ntu.edu.tw/courses/9025,9025
視譯 (FL3040),https://cool.ntu.edu.tw/courses/9021,9021
總體經濟時間序列分析 (ECON7150),https://cool.ntu.edu.tw/courses/9034,9034
個體經濟學甲上 (AGEC2005),https://cool.ntu.edu.tw/courses/9054,9054
矽光子學 (OE5037),https://cool.ntu.edu.tw/courses/9064,9064
工程數學-微分方程(一) (EE2021-03),https://cool.ntu.edu.tw/courses/9066,9066
微積分1 (MATH4006-15),https://cool.ntu.edu.tw/courses/9069,9069
程式語言：命令程式設計 (IM2013),https://cool.ntu.edu.tw/courses/9100,9100
環境分析原理 (EOHS7013),https://cool.ntu.edu.tw/courses/9116,9116
金融科技法制與政策專題研究二 (LAW7318),https://cool.ntu.edu.tw/courses/9118,9118
外交政策議題 (PS3204),https://cool.ntu.edu.tw/courses/9122,9122
中國大陸政經發展專題 (PS7042),https://cool.ntu.edu.tw/courses/9123,9123
全球通識講座-認識全球 (PS4642),https://cool.ntu.edu.tw/courses/9121,9121
中國大陸政經發展專題研究 (PS8042),https://cool.ntu.edu.tw/courses/9124,9124
醫院見習 (VM4014-01),https://cool.ntu.edu.tw/courses/9125,9125
醫院見習 (VM4014-02),https://cool.ntu.edu.tw/courses/9126,9126
鋼筋混凝土學 (CIE3009-02),https://cool.ntu.edu.tw/courses/9129,9129
服務學習甲 (LS0004-04),https://cool.ntu.edu.tw/courses/9132,9132
四書：歷史與思想 (HIST5414),https://cool.ntu.edu.tw/courses/9144,9144
日本政治探討 (PROG3001),https://cool.ntu.edu.tw/courses/9150,9150
機器學習與深度學習導論 (CIE5133),https://cool.ntu.edu.tw/courses/9155,9155
高等人工智慧 (CSIE7007),https://cool.ntu.edu.tw/courses/9168,9168
資管新生專題 (IM1009),https://cool.ntu.edu.tw/courses/9184,9184
食品儀器分析 (FOOD7206),https://cool.ntu.edu.tw/courses/9202,9202
力學習題演練上 (PHYS2017-01),https://cool.ntu.edu.tw/courses/9220,9220
免疫與發炎生物學新知 (LS5099),https://cool.ntu.edu.tw/courses/9244,9244
免疫學 (LS5014),https://cool.ntu.edu.tw/courses/9243,9243
經濟學英文寫作基礎 (ECON5091),https://cool.ntu.edu.tw/courses/9245,9245
區塊鏈導論 (CSIE5300),https://cool.ntu.edu.tw/courses/9248,9248
高等生物統計法一 (AGRON5002),https://cool.ntu.edu.tw/courses/9249,9249
機器學習安全特論 (CSIE5436),https://cool.ntu.edu.tw/courses/9252,9252
浪漫時期英國文學 (FL3002),https://cool.ntu.edu.tw/courses/9250,9250
英文(附二小時英聽)一 (FL1009-03),https://cool.ntu.edu.tw/courses/9253,9253
棒球初級 (PE2097-03),https://cool.ntu.edu.tw/courses/9300,9300
十七世紀東亞海域與臺灣 (HIST5120),https://cool.ntu.edu.tw/courses/9308,9308
理論生態學導論 (EEB5096),https://cool.ntu.edu.tw/courses/9312,9312
氣候變遷衝擊與因應 (AGEC5038),https://cool.ntu.edu.tw/courses/9321,9321
日文二上 (JPNL3047-02),https://cool.ntu.edu.tw/courses/9330,9330
日文上 (JPNL1001-01),https://cool.ntu.edu.tw/courses/9332,9332
日文一上 (JPNL2017-13),https://cool.ntu.edu.tw/courses/9333,9333
日文一上 (JPNL2017-18),https://cool.ntu.edu.tw/courses/9334,9334
統計方法 (LING7008),https://cool.ntu.edu.tw/courses/9358,9358
語音學專題獨立研究 (LING7108),https://cool.ntu.edu.tw/courses/9362,9362
作業管理研討（一） (MBA8028),https://cool.ntu.edu.tw/courses/9379,9379
代數一 (MATH5178),https://cool.ntu.edu.tw/courses/9385,9385
社會學甲上 (SOC1004),https://cool.ntu.edu.tw/courses/9403,9403
會計審計法規 (ACC3007),https://cool.ntu.edu.tw/courses/9417,9417
產業風險評估與管理 (IE5026),https://cool.ntu.edu.tw/courses/9432,9432
投資學 (IB3004),https://cool.ntu.edu.tw/courses/9438,9438
應用數學一 (ATMSCI2011),https://cool.ntu.edu.tw/courses/9435,9435
總體經濟學上 (ECON2020-01),https://cool.ntu.edu.tw/courses/9447,9447
教育心理學 (EDUTCH5102-01),https://cool.ntu.edu.tw/courses/9451,9451
分析化學一 (CHEM2007),https://cool.ntu.edu.tw/courses/9461,9461
應用數學一 (AM7006),https://cool.ntu.edu.tw/courses/9462,9462
地球化學分析與實務 (GEO5145),https://cool.ntu.edu.tw/courses/9479,9479
食品安全與健康專題討論一 (IFSH7001),https://cool.ntu.edu.tw/courses/9497,9497
法文社會科學文獻選讀專題 (PS5013),https://cool.ntu.edu.tw/courses/9511,9511
生涯發展與規劃(一) (MGT1005),https://cool.ntu.edu.tw/courses/9549,9549
Python程式設計 (DATA5006-02),https://cool.ntu.edu.tw/courses/9546,9546
Python程式設計 (DATA5006-01),https://cool.ntu.edu.tw/courses/9545,9545
Python程式設計 (DATA5006-03),https://cool.ntu.edu.tw/courses/9547,9547
生物晶片技術概論 (EE5107),https://cool.ntu.edu.tw/courses/9574,9574
生物科學通論 (LS1020),https://cool.ntu.edu.tw/courses/9577,9577
總體經濟學上 (ECON2020-04),https://cool.ntu.edu.tw/courses/9587,9587
基礎生醫影像處理技術 (DBME5018),https://cool.ntu.edu.tw/courses/9601,9601
荷蘭文一上 (FL2029),https://cool.ntu.edu.tw/courses/9630,9630
荷蘭文二上 (FL3195),https://cool.ntu.edu.tw/courses/9633,9633
荷蘭文三上 (FL4165),https://cool.ntu.edu.tw/courses/9634,9634
地質調查一 (GEO2012-01),https://cool.ntu.edu.tw/courses/9643,9643
財務行政 (PS3303),https://cool.ntu.edu.tw/courses/9659,9659
地表作用與地形 (GEO3004),https://cool.ntu.edu.tw/courses/9684,9684
日本近現代文學選讀上 (JPNL4003),https://cool.ntu.edu.tw/courses/9697,9697
服務設計 (PROG5241),https://cool.ntu.edu.tw/courses/9721,9721
進階語音學 (LING7107),https://cool.ntu.edu.tw/courses/9738,9738
認知語言學與心理學專題研究 (LING7425),https://cool.ntu.edu.tw/courses/9737,9737
GNSS在地表變形研究之應用 (Geo5142),https://cool.ntu.edu.tw/courses/9746,9746
由基礎到臨床：小動物內分泌學特論 (VCS5011),https://cool.ntu.edu.tw/courses/9752,9752
犬五大蟲媒傳染 (VCS5013),https://cool.ntu.edu.tw/courses/9753,9753
消費者行為 (IB5004),https://cool.ntu.edu.tw/courses/9756,9756
土木工程概念設計 (CIE1012-03),https://cool.ntu.edu.tw/courses/9763,9763
高等熱力學一 (ME7002),https://cool.ntu.edu.tw/courses/9768,9768
臺灣歷史與人物 (HIST1541),https://cool.ntu.edu.tw/courses/9773,9773
學術英文論文寫作與發表 (WRITE7010-01),https://cool.ntu.edu.tw/courses/9788,9788
昭明文選上 (CHIN2043),https://cool.ntu.edu.tw/courses/9791,9791
老子甲上 (CHIN2123),https://cool.ntu.edu.tw/courses/9798,9798
服務學習甲 (LS0004-05),https://cool.ntu.edu.tw/courses/9815,9815
行銷研究 (IB3002-01),https://cool.ntu.edu.tw/courses/9838,9838
非營利組織管理 (MBA5018),https://cool.ntu.edu.tw/courses/9879,9879
老人學概論 (SW5006),https://cool.ntu.edu.tw/courses/9888,9888
生理與記憶 (PSY5021),https://cool.ntu.edu.tw/courses/9901,9901
創意產業專題 (ECON5162),https://cool.ntu.edu.tw/courses/9926,9926
俄文二上 (FL3017),https://cool.ntu.edu.tw/courses/9963,9963
日文二上 (JPNL3047-03),https://cool.ntu.edu.tw/courses/9982,9982
日文三上 (JPNL4029-03),https://cool.ntu.edu.tw/courses/9986,9986
陶淵明詩 (CHIN3046),https://cool.ntu.edu.tw/courses/10015,10015
詩學研究法與論文寫作 (CHIN5103),https://cool.ntu.edu.tw/courses/10014,10014
量子物理與應用 (OE5021),https://cool.ntu.edu.tw/courses/10016,10016
民事訴訟法上 (LAWILS7061-01),https://cool.ntu.edu.tw/courses/10033,10033
民事訴訟法甲上 (LAW3271-01),https://cool.ntu.edu.tw/courses/10034,10034
歷史研究與寫作 (HIST3100-02),https://cool.ntu.edu.tw/courses/10055,10055
專題演講 (EE5161),https://cool.ntu.edu.tw/courses/10070,10070
電工學與實習 (BME2115),https://cool.ntu.edu.tw/courses/10068,10068
國際關係史一 (PS2201),https://cool.ntu.edu.tw/courses/10086,10086
中華民國對外關係 (PS2203),https://cool.ntu.edu.tw/courses/10087,10087
歐洲國際關係與安全合作 (PS4626),https://cool.ntu.edu.tw/courses/10090,10090
學士專題研究一 (MSE5007-10),https://cool.ntu.edu.tw/courses/10099,10099
工場實習 (ME1007-01),https://cool.ntu.edu.tw/courses/10104,10104
個體經濟學原理與實習 (ECON1020-01),https://cool.ntu.edu.tw/courses/10114,10114
人類學史 (ANTH2065),https://cool.ntu.edu.tw/courses/10115,10115
中華民國憲法及政府一 (PS1031-03),https://cool.ntu.edu.tw/courses/10128,10128
室內五人制足球中級 (PE2143-55),https://cool.ntu.edu.tw/courses/10137,10137
數位訊號處理架構設計 (EE5141),https://cool.ntu.edu.tw/courses/10160,10160
服務學習三 (MATH3001),https://cool.ntu.edu.tw/courses/10173,10173
印尼文一上 (ADVENG3102-02),https://cool.ntu.edu.tw/courses/10198,10198
印尼文一上 (ADVENG3102-01),https://cool.ntu.edu.tw/courses/10197,10197
印尼文二上 (ADVENG3103),https://cool.ntu.edu.tw/courses/10199,10199
馬來文一上 (ADVENG3106),https://cool.ntu.edu.tw/courses/10200,10200
科學研究與學術生涯 (EE3025),https://cool.ntu.edu.tw/courses/10207,10207
PYTHON及其應用 (CHEME3020),https://cool.ntu.edu.tw/courses/10233,10233
計算機程式 (CHEME1004-03),https://cool.ntu.edu.tw/courses/10234,10234
鯨豚保育生物學 (LS1037),https://cool.ntu.edu.tw/courses/10236,10236
文化資產的歷史學 (HIST5413),https://cool.ntu.edu.tw/courses/10252,10252
新產品開發與行銷 (MBA5036),https://cool.ntu.edu.tw/courses/10253,10253
世界史一 (HIST1013),https://cool.ntu.edu.tw/courses/10269,10269
工程數學-微分方程(一) (EE2021-01),https://cool.ntu.edu.tw/courses/10289,10289
"高等物理化學一 (CHEM7031, CHEM8038, CHEM8031)",https://cool.ntu.edu.tw/courses/10305,10305
圖論一 (MATH7703),https://cool.ntu.edu.tw/courses/10318,10318
東亞近代文學選讀 (TWLIT5013),https://cool.ntu.edu.tw/courses/10330,10330
專題討論一 (PHYS7010),https://cool.ntu.edu.tw/courses/10332,10332
臺灣文學史料與研究文獻 (TWLIT8006),https://cool.ntu.edu.tw/courses/10331,10331
英文(附一小時英聽)一 (FL1007-01),https://cool.ntu.edu.tw/courses/10347,10347
食品化學 (FOOD5203),https://cool.ntu.edu.tw/courses/10373,10373
虛擬人與遙現 (NM5631),https://cool.ntu.edu.tw/courses/10375,10375
地球系統模式 (OCEAN7181),https://cool.ntu.edu.tw/courses/10433,10433
義大利文一上 (FL2025-02),https://cool.ntu.edu.tw/courses/10444,10444
計算機概論 (CSIE1000-02),https://cool.ntu.edu.tw/courses/10462,10462
鋼琴作品與演奏欣賞 (LIBEDU1020),https://cool.ntu.edu.tw/courses/10494,10494
機械工作法實習 (BME2110-05),https://cool.ntu.edu.tw/courses/10515,10515
電工實驗(網路與多媒體) (EE3002),https://cool.ntu.edu.tw/courses/10516,10516
材料力學 (AM5011-01),https://cool.ntu.edu.tw/courses/10524,10524
西洋政治哲學概論 (PS3201),https://cool.ntu.edu.tw/courses/10596,10596
新創事業投資評估 (MBA7082),https://cool.ntu.edu.tw/courses/10601,10601
高等統計學一 (AGEC5019),https://cool.ntu.edu.tw/courses/10624,10624
從文藝復興到巴洛克 (HIST5411),https://cool.ntu.edu.tw/courses/10645,10645
急救物理治療學 (PT1014),https://cool.ntu.edu.tw/courses/10656,10656
神經生物學 (GIBMS7003),https://cool.ntu.edu.tw/courses/10678,10678
義大利文一上 (FL2025-01),https://cool.ntu.edu.tw/courses/10682,10682
黑格爾哲學上 (PHL3730),https://cool.ntu.edu.tw/courses/10728,10728
碩士專題研究 (ME7105-13),https://cool.ntu.edu.tw/courses/10793,10793
英文(附一小時英聽)一 (FL1007-29),https://cool.ntu.edu.tw/courses/10818,10818
英文作文二上 (FL2009-07),https://cool.ntu.edu.tw/courses/10816,10816
英文(附一小時英聽)一 (FL1007-04),https://cool.ntu.edu.tw/courses/10820,10820
英文作文一上 (FL1019-02),https://cool.ntu.edu.tw/courses/10821,10821
英文(附一小時英聽)一 (FL1007-27),https://cool.ntu.edu.tw/courses/10817,10817
英文(附一小時英聽)一 (FL1007-03),https://cool.ntu.edu.tw/courses/10819,10819
英語口語訓練一上 (FL1021-02),https://cool.ntu.edu.tw/courses/10822,10822
英文(附一小時英聽)一 (FL1007-12),https://cool.ntu.edu.tw/courses/10844,10844
國際生華語 (一) (PTCSL7908-09),https://cool.ntu.edu.tw/courses/10911,10911
骨科學乙 (MED3021),https://cool.ntu.edu.tw/courses/10921,10921
微積分2 (MATH4007-15),https://cool.ntu.edu.tw/courses/11169,11169
新生講座-能力養成 (GENEDU2006),https://cool.ntu.edu.tw/courses/11411,11411
計量導論 (FIN2016-02),https://cool.ntu.edu.tw/courses/11526,11526
人文科技的交響：新趨勢與新素養（二） (CHIN1100),https://cool.ntu.edu.tw/courses/11536,11536
探索語言 (LING5705),https://cool.ntu.edu.tw/courses/11607,11607
憲法理論專題討論 (LAW5469),https://cool.ntu.edu.tw/courses/11704,11704
基本人權專題研究一 (LAW5538),https://cool.ntu.edu.tw/courses/11705,11705
服務學習三 (ME3001-05),https://cool.ntu.edu.tw/courses/11708,11708
統計學一下 (MGT2002-07),https://cool.ntu.edu.tw/courses/11734,11734
貨幣銀行學二 (ECON3004-01),https://cool.ntu.edu.tw/courses/11745,11745
一般醫學保健 (MD&PH5011),https://cool.ntu.edu.tw/courses/11806,11806
喬伊斯專題 (FL7161),https://cool.ntu.edu.tw/courses/11891,11891
普通生物學丙 (LS1009-02),https://cool.ntu.edu.tw/courses/11897,11897
大學國文：閱讀與寫作（二） (CHIN8017-04),https://cool.ntu.edu.tw/courses/11951,11951
大學國文：文化思想與寫作（二） (CHIN8015-11),https://cool.ntu.edu.tw/courses/11950,11950
認知科學書報討論 (GIBMS7114),https://cool.ntu.edu.tw/courses/11983,11983
神經網路 (GIBMS7015),https://cool.ntu.edu.tw/courses/11982,11982
社會變遷與台灣民主制度 (SOC5070),https://cool.ntu.edu.tw/courses/12005,12005
美國憲法案例專題一 (LAW5272),https://cool.ntu.edu.tw/courses/12013,12013
領導力講座 (PROG5251),https://cool.ntu.edu.tw/courses/12092,12092
去中心化應用程式之設計實務 (NM5371),https://cool.ntu.edu.tw/courses/12191,12191
英文二 (FL1004-10),https://cool.ntu.edu.tw/courses/12224,12224
英文二 (FL1004-05),https://cool.ntu.edu.tw/courses/12225,12225
生物科學繪圖 (EEB5091-01),https://cool.ntu.edu.tw/courses/12236,12236
西班牙文學名著選讀二 (FL5076),https://cool.ntu.edu.tw/courses/12254,12254
微觀生物物理入門 (BST5058),https://cool.ntu.edu.tw/courses/12367,12367
高級德語會話 (FL4171),https://cool.ntu.edu.tw/courses/12414,12414
總體經濟學原理與實習 (ECON1021-01),https://cool.ntu.edu.tw/courses/12448,12448
食用昆蟲學 (ENT5069),https://cool.ntu.edu.tw/courses/12649,12649
微積分預備課程 (MATH4012),https://cool.ntu.edu.tw/courses/12751,12751
羽球初級 (PE2064-99),https://cool.ntu.edu.tw/courses/12898,12898
分析二 (MATH5229),https://cool.ntu.edu.tw/courses/12942,12942
老子甲下 (CHIN2233),https://cool.ntu.edu.tw/courses/12949,12949
文學概論下 (CHIN1006-02),https://cool.ntu.edu.tw/courses/12972,12972
探索臺灣：自然資源保育與經營管理 (FOREST5071-01),https://cool.ntu.edu.tw/courses/12980,12980
流體力學導論 (AM7097),https://cool.ntu.edu.tw/courses/13067,13067
地質調查導論一 (GEO1007-03),https://cool.ntu.edu.tw/courses/13090,13090
讀中生智：英文閱讀 (WRITE5027-01),https://cool.ntu.edu.tw/courses/13133,13133
讀中生智：英文閱讀 (WRITE5027-02),https://cool.ntu.edu.tw/courses/13139,13139
藝術與創作 (PROG5240),https://cool.ntu.edu.tw/courses/13247,13247
專題討論三-六 Seminar (Ⅲ)-(VI),https://cool.ntu.edu.tw/courses/13277,13277
運動生心理健康與老化專題討論 (SPORT7514),https://cool.ntu.edu.tw/courses/13292,13292
日本近現代文學選讀下 (JPNL4004),https://cool.ntu.edu.tw/courses/13306,13306
神經生物與認知科學專題討論二 (PSY5291),https://cool.ntu.edu.tw/courses/13477,13477
電工實驗(網路與多媒體) (EE3002),https://cool.ntu.edu.tw/courses/13496,13496
碩士班書報討論IV (GENOM7005),https://cool.ntu.edu.tw/courses/13511,13511
網路管理與系統管理實驗 (CSIE1310),https://cool.ntu.edu.tw/courses/13536,13536
電工實驗(電力電子) (EE3022),https://cool.ntu.edu.tw/courses/13546,13546
Python程式設計 (DATA5006-01),https://cool.ntu.edu.tw/courses/13563,13563
Python程式設計 (DATA5006-03),https://cool.ntu.edu.tw/courses/13565,13565
Python程式設計 (DATA5006-02),https://cool.ntu.edu.tw/courses/13564,13564
基因體與蛋白體醫學書報討論Ⅳ (GENOM8006),https://cool.ntu.edu.tw/courses/13706,13706
總體經濟學原理 (ECON1023),https://cool.ntu.edu.tw/courses/13904,13904
高等作業系統 (CSIE7010),https://cool.ntu.edu.tw/courses/13918,13918
日文下 (JPNL1002-01),https://cool.ntu.edu.tw/courses/13953,13953
兒童偏差行為 (PSY7298),https://cool.ntu.edu.tw/courses/13961,13961
周易甲下 (CHIN2024),https://cool.ntu.edu.tw/courses/13965,13965
力學習題演練下 (PHYS2018-01),https://cool.ntu.edu.tw/courses/14030,14030
力學習題演練下 (PHYS2018-02),https://cool.ntu.edu.tw/courses/14031,14031
政府會計 (ACC3008),https://cool.ntu.edu.tw/courses/14106,14106
國學概說下 (CHIN2226),https://cool.ntu.edu.tw/courses/14118,14118
專題演講 (EE5161),https://cool.ntu.edu.tw/courses/14141,14141
英文(附一小時英聽)二 (FL1008-01),https://cool.ntu.edu.tw/courses/14225,14225
日本人類學的腳步：期刊論文選讀與分析 (ANTH5154),https://cool.ntu.edu.tw/courses/14276,14276
圖論二 (MATH7704),https://cool.ntu.edu.tw/courses/14296,14296
電工實驗(生醫工程) (EE4057),https://cool.ntu.edu.tw/courses/14387,14387
方案評估專題 (PS5041),https://cool.ntu.edu.tw/courses/14393,14393
所得與就業理論二 (ECON7922),https://cool.ntu.edu.tw/courses/14745,14745
服務學習三 (MATH3001),https://cool.ntu.edu.tw/courses/14789,14789
鋼琴作品與演奏欣賞 (LIBEDU1020),https://cool.ntu.edu.tw/courses/14834,14834
明清檔案與歷史研究 (HIST7230),https://cool.ntu.edu.tw/courses/14838,14838
國際生華語 (二) (PTCSL7909-10),https://cool.ntu.edu.tw/courses/14934,14934
行銷管理 (IB2008-01),https://cool.ntu.edu.tw/courses/15033,15033
奕璇的測試課程,https://cool.ntu.edu.tw/courses/15097,15097
普通心理學 (PSY1007-03),https://cool.ntu.edu.tw/courses/15123,15123
昭明文選下 (CHIN2044),https://cool.ntu.edu.tw/courses/15345,15345
創意產業經濟學 (ECON7948),https://cool.ntu.edu.tw/courses/15525,15525
系統動態學 (ME5214),https://cool.ntu.edu.tw/courses/15997,15997
統計方法 (LING7008),https://cool.ntu.edu.tw/courses/16024,16024
憲法：基本原則與國家組織法入門 (PMLBA7032),https://cool.ntu.edu.tw/courses/16041,16041
法學論證與論文寫作方法(一) (PMLBA7033),https://cool.ntu.edu.tw/courses/16047,16047
文學概論上 (CHIN1005-02),https://cool.ntu.edu.tw/courses/16058,16058
大學國文：閱讀與寫作（一） (CHIN8016-06),https://cool.ntu.edu.tw/courses/16102,16102
內外科護理學一 (BSN3001),https://cool.ntu.edu.tw/courses/16186,16186
身體檢查與評估 (BSN2004),https://cool.ntu.edu.tw/courses/16184,16184
身體檢查與評估實習 (BSN2005),https://cool.ntu.edu.tw/courses/16185,16185
內外科護理學二 (BSN3003),https://cool.ntu.edu.tw/courses/16188,16188
英文作文一上 (FL1019-09),https://cool.ntu.edu.tw/courses/16197,16197
英文作文一上 (FL1019-01),https://cool.ntu.edu.tw/courses/16224,16224
中國文學史概說一 (CHIN2225),https://cool.ntu.edu.tw/courses/16233,16233
統計學一上 (MGT2001-07),https://cool.ntu.edu.tw/courses/16327,16327
天線 (EE5010),https://cool.ntu.edu.tw/courses/16332,16332
歷代文選及習作上 (CHIN2005-01),https://cool.ntu.edu.tw/courses/16431,16431
疫苗學 (EPM5027),https://cool.ntu.edu.tw/courses/16504,16504
西班牙文一上 (FL2017-06),https://cool.ntu.edu.tw/courses/16563,16563
計算機結構 (CSIE3340-02),https://cool.ntu.edu.tw/courses/16621,16621
一般醫學保健 (MD&PH5011),https://cool.ntu.edu.tw/courses/16695,16695
財務工程一 (IB7044),https://cool.ntu.edu.tw/courses/16739,16739
作物科學導論 (AGRON1008),https://cool.ntu.edu.tw/courses/16766,16766
科學研究與學術生涯 (EE3025),https://cool.ntu.edu.tw/courses/16897,16897
貨幣銀行學甲 (IB2011-01),https://cool.ntu.edu.tw/courses/17034,17034
公法專題 (GIPA7003),https://cool.ntu.edu.tw/courses/17055,17055
行政法一 (PS2301),https://cool.ntu.edu.tw/courses/17048,17048
中國繪畫史 (HIST3014),https://cool.ntu.edu.tw/courses/17201,17201
食品營養概論 (BST1006-03),https://cool.ntu.edu.tw/courses/17196,17196
中華民國憲法及政府一 (PS1031-03),https://cool.ntu.edu.tw/courses/17301,17301
法文社會科學文獻選讀專題 (PS5013),https://cool.ntu.edu.tw/courses/17302,17302
天文數據分析 (ASPHYS7021),https://cool.ntu.edu.tw/courses/17330,17330
東亞民主化專題 (PS5701),https://cool.ntu.edu.tw/courses/17348,17348
管制理論專題研究一 (LAW7061),https://cool.ntu.edu.tw/courses/17354,17354
氣候變遷衝擊與因應 (AGEC5038),https://cool.ntu.edu.tw/courses/17394,17394
電工學與實習 (BME2115),https://cool.ntu.edu.tw/courses/17428,17428
身體檢查與評估 (NURSE2007),https://cool.ntu.edu.tw/courses/17494,17494
荷蘭文一上 (FL2029),https://cool.ntu.edu.tw/courses/17644,17644
理論生態學導論 (EEB5096),https://cool.ntu.edu.tw/courses/17676,17676
演算法設計與分析 (CSIE2136-02),https://cool.ntu.edu.tw/courses/17712,17712
線蟲學與實驗 (PPM2012),https://cool.ntu.edu.tw/courses/17718,17718
認知語言學與心理學專題研究 (LING7425),https://cool.ntu.edu.tw/courses/17742,17742
電工實驗(電力電子) (EE3022),https://cool.ntu.edu.tw/courses/17786,17786
財務行政 (PS3303),https://cool.ntu.edu.tw/courses/17816,17816
服務設計 (PROG5241),https://cool.ntu.edu.tw/courses/17827,17827
棒球初級 (PE2097-19),https://cool.ntu.edu.tw/courses/17890,17890
棒球初級 (PE2097-18),https://cool.ntu.edu.tw/courses/17889,17889
國際人權法專題討論一 (LAW5197),https://cool.ntu.edu.tw/courses/17916,17916
國際人權法專題討論二 (LAW5198),https://cool.ntu.edu.tw/courses/17917,17917
憲法 (LAWILS7050-01),https://cool.ntu.edu.tw/courses/17915,17915
憲法 (LAW1060-01),https://cool.ntu.edu.tw/courses/17914,17914
金融市場與行銷 (MBA5031),https://cool.ntu.edu.tw/courses/17957,17957
荷蘭文二上 (FL3195),https://cool.ntu.edu.tw/courses/17970,17970
微積分乙上 (MATH1203-01),https://cool.ntu.edu.tw/courses/17995,17995
荷蘭文三上 (FL4165),https://cool.ntu.edu.tw/courses/18035,18035
地球化學分析與實務 (GEO5145),https://cool.ntu.edu.tw/courses/18037,18037
化石實習 (GEO4016),https://cool.ntu.edu.tw/courses/18067,18067
力學習題演練上 (PHYS2017-01),https://cool.ntu.edu.tw/courses/18118,18118
歐洲國際關係與安全合作 (PS4626),https://cool.ntu.edu.tw/courses/18145,18145
微積分預備課程 (MATH4012),https://cool.ntu.edu.tw/courses/18206,18206
語料庫輔助華語教學 (PTCSL7250),https://cool.ntu.edu.tw/courses/18218,18218
研究方法 (PTCSL7256),https://cool.ntu.edu.tw/courses/18404,18404
衛生保健 (MD&PH5001),https://cool.ntu.edu.tw/courses/18520,18520
典藏自然：自然史博物館巡禮 (EEB5097),https://cool.ntu.edu.tw/courses/18529,18529
浪漫時期英國文學 (FL3002),https://cool.ntu.edu.tw/courses/18575,18575
英文(附二小時英聽)一 (FL1009-03),https://cool.ntu.edu.tw/courses/18576,18576
最佳設計 (ME7129),https://cool.ntu.edu.tw/courses/18639,18639
碩士專題研究 (ME7105-13),https://cool.ntu.edu.tw/courses/18678,18678
教育心理學 (EDUTCH5102-02),https://cool.ntu.edu.tw/courses/18795,18795
教育心理學 (EDUTCH5102-01),https://cool.ntu.edu.tw/courses/18793,18793
普通植物學實驗 (LS1019-01),https://cool.ntu.edu.tw/courses/18876,18876
普通植物學實驗 (LS1019-02),https://cool.ntu.edu.tw/courses/18877,18877
人類發展學 (BSN2001),https://cool.ntu.edu.tw/courses/18880,18880
普通植物學實驗 (LS1019-03),https://cool.ntu.edu.tw/courses/18879,18879
金融科技法制與政策專題研究一 (LAW7317),https://cool.ntu.edu.tw/courses/18886,18886
古代基督教歷史與文化 (LIBEDU1040),https://cool.ntu.edu.tw/courses/18910,18910
深度學習於電腦視覺 (COMME5052),https://cool.ntu.edu.tw/courses/18934,18934
馬來文一上 (ADVENG3106),https://cool.ntu.edu.tw/courses/18969,18969
印尼文一上 (ADVENG3102-02),https://cool.ntu.edu.tw/courses/18967,18967
印尼文二上 (ADVENG3103),https://cool.ntu.edu.tw/courses/18968,18968
印尼文一上 (ADVENG3102-01),https://cool.ntu.edu.tw/courses/18966,18966
民事訴訟法上 (LAWILS7061-01),https://cool.ntu.edu.tw/courses/18995,18995
民事訴訟法甲上 (LAW3271-01),https://cool.ntu.edu.tw/courses/18996,18996
矽光子學 (OE5037),https://cool.ntu.edu.tw/courses/19030,19030
環境化學 (ENVE7010),https://cool.ntu.edu.tw/courses/19066,19066
程式語言：命令程式設計 (IM5065),https://cool.ntu.edu.tw/courses/19092,19092
專題研究 (EE7010-22),https://cool.ntu.edu.tw/courses/19171,19171
研究方法學導論 (CLIPHM5003),https://cool.ntu.edu.tw/courses/19192,19192
國際關係一 (PS1011-01),https://cool.ntu.edu.tw/courses/19188,19188
國際公法 (LAW2090),https://cool.ntu.edu.tw/courses/19249,19249
食用昆蟲學 (ENT5069),https://cool.ntu.edu.tw/courses/19266,19266
近代日本國際關係專題 (PS5686),https://cool.ntu.edu.tw/courses/19303,19303
計算機程式 (EE1004-03),https://cool.ntu.edu.tw/courses/19316,19316
全球通識講座-認識全球 (PS4642),https://cool.ntu.edu.tw/courses/19353,19353
會計學甲一上 (MGT1003-09),https://cool.ntu.edu.tw/courses/19362,19362
國際併購與重組管理 (IB5063),https://cool.ntu.edu.tw/courses/19373,19373
國際企業經營策略 (IB5059),https://cool.ntu.edu.tw/courses/19369,19369
資管新生專題 (IM1009),https://cool.ntu.edu.tw/courses/19376,19376
專題討論 (COMME8002-03),https://cool.ntu.edu.tw/courses/19452,19452
基因體與蛋白體醫學書報討論I (GENOM8010),https://cool.ntu.edu.tw/courses/19667,19667
碩士班書報討論I (GENOM7002),https://cool.ntu.edu.tw/courses/19696,19696
環境保護法規 (ENVE7075),https://cool.ntu.edu.tw/courses/19716,19716
認知科學 (GIBMS7004),https://cool.ntu.edu.tw/courses/19760,19760
神經生物與認知科學專題討論一 (PSY5287),https://cool.ntu.edu.tw/courses/19796,19796
探索臺灣：自然資源保育與經營管理 (FOREST5071-01),https://cool.ntu.edu.tw/courses/19826,19826
日文一上 (JPNL2017-03),https://cool.ntu.edu.tw/courses/19969,19969
日文一上 (JPNL2017-26),https://cool.ntu.edu.tw/courses/19995,19995
日文一上 (JPNL2017-38),https://cool.ntu.edu.tw/courses/19996,19996
日文二上 (JPNL3047-06),https://cool.ntu.edu.tw/courses/19999,19999
日文二上 (JPNL3047-03),https://cool.ntu.edu.tw/courses/20001,20001
日文三上 (JPNL4029-03),https://cool.ntu.edu.tw/courses/20003,20003
日文二上 (JPNL3047-21),https://cool.ntu.edu.tw/courses/20002,20002
族群生態與漁業資源永續 (OCEAN5105),https://cool.ntu.edu.tw/courses/20020,20020
食品加工與營養 (FOOD7408),https://cool.ntu.edu.tw/courses/20064,20064
區塊鏈導論 (CSIE5300),https://cool.ntu.edu.tw/courses/20072,20072
電工實驗(生醫工程) (EE4057),https://cool.ntu.edu.tw/courses/20078,20078
創新醫療器材設計 (BEBI5002),https://cool.ntu.edu.tw/courses/20081,20081
程式設計與資料分析 (GENEDU5011),https://cool.ntu.edu.tw/courses/20130,20130
腦功能影像實驗設計與分析 (GIBMS7112-01),https://cool.ntu.edu.tw/courses/20174,20174
二十世紀英國文學 (FL3004),https://cool.ntu.edu.tw/courses/20344,20344
大學國文：閱讀與寫作（一） (CHIN8016-09),https://cool.ntu.edu.tw/courses/20386,20386
植物細胞與組織培養實習 (AGRON5029),https://cool.ntu.edu.tw/courses/20497,20497
計量經濟學的因果推論與預測 (ECON5179),https://cool.ntu.edu.tw/courses/20499,20499
計量經濟理論一B (ECON8819),https://cool.ntu.edu.tw/courses/20502,20502
高等熱力學一 (ME7002),https://cool.ntu.edu.tw/courses/20521,20521
中國政治思想專題 (PS7011),https://cool.ntu.edu.tw/courses/20552,20552
西歐文明：上古到1400 (HIST1582),https://cool.ntu.edu.tw/courses/20556,20556
高等生物統計法一 (AGRON5002),https://cool.ntu.edu.tw/courses/20642,20642
日文一上 (JPNL2017-10),https://cool.ntu.edu.tw/courses/20672,20672
日文一上 (JPNL2017-12),https://cool.ntu.edu.tw/courses/20673,20673
日文二上 (JPNL3047-02),https://cool.ntu.edu.tw/courses/20675,20675
急救物理治療學 (PT1014),https://cool.ntu.edu.tw/courses/20679,20679
數位行銷 (BICD3043),https://cool.ntu.edu.tw/courses/20699,20699
英文(附一小時英聽)一 (FL1007-12),https://cool.ntu.edu.tw/courses/20803,20803
西洋政治哲學概論 (PS3201),https://cool.ntu.edu.tw/courses/20818,20818
骨科學乙 (MED3021),https://cool.ntu.edu.tw/courses/20851,20851
英文(附一小時英聽)一 (FL1007-03),https://cool.ntu.edu.tw/courses/20961,20961
虛擬人與遙現 (NM5631),https://cool.ntu.edu.tw/courses/21063,21063
預測，語言，與大腦 (LING5001),https://cool.ntu.edu.tw/courses/21131,21131
總體經濟學上 (ECON2020-01),https://cool.ntu.edu.tw/courses/21182,21182
英文(附一小時英聽)一 (FL1007-04),https://cool.ntu.edu.tw/courses/21200,21200
英文(附一小時英聽)一 (FL1007-27),https://cool.ntu.edu.tw/courses/21205,21205
英文(附一小時英聽)一 (FL1007-29),https://cool.ntu.edu.tw/courses/21206,21206
英文作文二上 (FL2009-07),https://cool.ntu.edu.tw/courses/21208,21208
英語口語訓練一上 (FL1021-02),https://cool.ntu.edu.tw/courses/21210,21210
英文作文一上 (FL1019-02),https://cool.ntu.edu.tw/courses/21209,21209
工程系統之熱管理對策 (ME5048),https://cool.ntu.edu.tw/courses/21267,21267
農業智慧財產權 (BICD5064),https://cool.ntu.edu.tw/courses/21310,21310
視譯 (FL3040),https://cool.ntu.edu.tw/courses/21324,21324
國際生華語 (一) (PTCSL7908-11),https://cool.ntu.edu.tw/courses/21388,21388
數位訊號處理架構設計 (EE5141),https://cool.ntu.edu.tw/courses/21495,21495
犬五大蟲媒傳染 (VCS5013),https://cool.ntu.edu.tw/courses/21534,21534
鋼琴作品與演奏欣賞 (LIBEDU1020),https://cool.ntu.edu.tw/courses/21673,21673
大學國文：文化思想與寫作（二） (CHIN8015-11),https://cool.ntu.edu.tw/courses/22134,22134
衛生保健 (MD&PH5001),https://cool.ntu.edu.tw/courses/22141,22141
政治學概論 (PS4634),https://cool.ntu.edu.tw/courses/22181,22181
台灣地方政治生態專題 (PS7590),https://cool.ntu.edu.tw/courses/22182,22182
普通生物學丙 (LS1009-02),https://cool.ntu.edu.tw/courses/22207,22207
腦科學技術 (GIBMS7005),https://cool.ntu.edu.tw/courses/22213,22213
音樂、演化與大腦 (MUSIC5065),https://cool.ntu.edu.tw/courses/22217,22217
經濟史一 (ECON3007),https://cool.ntu.edu.tw/courses/22273,22273
統計學一下 (MGT2002-07),https://cool.ntu.edu.tw/courses/22347,22347
作物學甲 (AGRON2004),https://cool.ntu.edu.tw/courses/22437,22437
法文經典文獻選讀專題 (PS5022),https://cool.ntu.edu.tw/courses/22468,22468
助人專業者之個人成長專題 (SW7048),https://cool.ntu.edu.tw/courses/22528,22528
西班牙文學名著選讀二 (FL5076),https://cool.ntu.edu.tw/courses/22586,22586
西班牙文一下 (FL2018-06),https://cool.ntu.edu.tw/courses/22584,22584
神經網路 (GIBMS7015),https://cool.ntu.edu.tw/courses/22701,22701
認知科學書報討論 (GIBMS7114),https://cool.ntu.edu.tw/courses/22703,22703
學術英文論文寫作與發表 (WRITE7010-06),https://cool.ntu.edu.tw/courses/22793,22793
神經語言學專題研究 (LING7430),https://cool.ntu.edu.tw/courses/22938,22938
網路管理與系統管理實驗 (CSIE1310),https://cool.ntu.edu.tw/courses/23059,23059
BIM技術與應用 (CIE5086),https://cool.ntu.edu.tw/courses/23115,23115
材料科學導論二 (MSE1009),https://cool.ntu.edu.tw/courses/23182,23182
文學概論下 (CHIN1006-02),https://cool.ntu.edu.tw/courses/23323,23323
早期美國文學 (FL4003),https://cool.ntu.edu.tw/courses/23546,23546
資訊中數導論 (CSIE5302),https://cool.ntu.edu.tw/courses/23551,23551
高等作業系統 (CSIE7010),https://cool.ntu.edu.tw/courses/23550,23550
改變歷史的生物(二) (LIBEDU1113),https://cool.ntu.edu.tw/courses/23566,23566
德文法學名著選讀一 (LAW4015-01),https://cool.ntu.edu.tw/courses/23581,23581
言論自由專題研究一 (LAW7491),https://cool.ntu.edu.tw/courses/23580,23580
電工實驗(電力電子) (EE3022),https://cool.ntu.edu.tw/courses/23590,23590
內外科護理學實習二 (BSN3004-01),https://cool.ntu.edu.tw/courses/23611,23611
探索語言 (LING5705),https://cool.ntu.edu.tw/courses/23932,23932
東亞民主化專題 (PS5701),https://cool.ntu.edu.tw/courses/23967,23967
微積分預備課程 (MATH4012),https://cool.ntu.edu.tw/courses/24062,24062
財務個案分析 (FIN5001),https://cool.ntu.edu.tw/courses/24195,24195
服務學習乙 (ME0005-05),https://cool.ntu.edu.tw/courses/24259,24259
生物科技管理與產業分析 (BIOT7013),https://cool.ntu.edu.tw/courses/24313,24313
計量導論 (FIN2016-02),https://cool.ntu.edu.tw/courses/24325,24325
雲動力學實作 (ATMSCI7100),https://cool.ntu.edu.tw/courses/24346,24346
內外科護理學二 (NURSE3003),https://cool.ntu.edu.tw/courses/24349,24349
生物科學繪圖 (EEB5091-01),https://cool.ntu.edu.tw/courses/24354,24354
國際企業經營策略 (IB3008-02),https://cool.ntu.edu.tw/courses/24456,24456
國際併購與重組管理 (IB5063),https://cool.ntu.edu.tw/courses/24488,24488
總體經濟學原理 (ECON1023),https://cool.ntu.edu.tw/courses/24606,24606
國際環境法專題研究一 (LAW7448),https://cool.ntu.edu.tw/courses/24888,24888
英美法導論 (LAW2120),https://cool.ntu.edu.tw/courses/24887,24887
國際環境法專題研究二 (LAW7449),https://cool.ntu.edu.tw/courses/24889,24889
去中心化應用程式之設計實務 (NM5371),https://cool.ntu.edu.tw/courses/24931,24931
華語文教材教法 (TCSL7003-01),https://cool.ntu.edu.tw/courses/25482,25482
食用昆蟲學 (ENT5069),https://cool.ntu.edu.tw/courses/25558,25558
電工實驗(生醫工程) (EE4057),https://cool.ntu.edu.tw/courses/25585,25585
探索臺灣：自然資源保育與經營管理 (FOREST5071-02),https://cool.ntu.edu.tw/courses/25650,25650
產業發展策略 (AGEC7096),https://cool.ntu.edu.tw/courses/25974,25974
消費經濟論 (AGEC7146),https://cool.ntu.edu.tw/courses/25975,25975
華語文教材教法 (TCSL7003-02),https://cool.ntu.edu.tw/courses/26207,26207
英文(附一小時英聽)二 (FL1008-01),https://cool.ntu.edu.tw/courses/26322,26322
應用文及習作 (CHIN2099),https://cool.ntu.edu.tw/courses/26369,26369
組合學二 (MATH7702),https://cool.ntu.edu.tw/courses/26473,26473
英美法學名著選讀一 (LAW4023),https://cool.ntu.edu.tw/courses/26542,26542
密碼學 (EE5060),https://cool.ntu.edu.tw/courses/26578,26578
國際生華語 (二) (PTCSL7909-12),https://cool.ntu.edu.tw/courses/27061,27061
112-1 微積分預備課程 (Online0015),https://cool.ntu.edu.tw/courses/27391,27391
創意產業經濟學 (ECON7948),https://cool.ntu.edu.tw/courses/27409,27409
比較政府與政治專題 (PS7809),https://cool.ntu.edu.tw/courses/27817,27817
政治學概論 (PS4634),https://cool.ntu.edu.tw/courses/27827,27827
政黨與選舉制度 (PS2101),https://cool.ntu.edu.tw/courses/27836,27836
經濟發展 (ECON3042),https://cool.ntu.edu.tw/courses/27844,27844
系統動態學 (ME5214),https://cool.ntu.edu.tw/courses/28015,28015
水質化學 (GEO5148),https://cool.ntu.edu.tw/courses/28211,28211
喬伊斯專題 (FL7161),https://cool.ntu.edu.tw/courses/28224,28224
金融市場與行銷 (MBA5031),https://cool.ntu.edu.tw/courses/28299,28299
行政法一 (PS2301),https://cool.ntu.edu.tw/courses/28455,28455
公法專題 (GIPA7003),https://cool.ntu.edu.tw/courses/28459,28459
高等專題研究 (PHYS8001-03),https://cool.ntu.edu.tw/courses/28488,28488
探索臺灣：生技醫藥及疾病 (CLINMD5013),https://cool.ntu.edu.tw/courses/28506,28506
食品營養概論 (BST1006-03),https://cool.ntu.edu.tw/courses/28580,28580
氣候變遷衝擊與因應 (AGEC5038),https://cool.ntu.edu.tw/courses/28588,28588
早期美國文學 (FL4003),https://cool.ntu.edu.tw/courses/28613,28613
大學國文：文學鑑賞與寫作（一） (CHIN8012-23),https://cool.ntu.edu.tw/courses/28678,28678
大學國文：文化思想與寫作（一） (CHIN8014-34),https://cool.ntu.edu.tw/courses/28677,28677
統計學一上 (MGT2001-07),https://cool.ntu.edu.tw/courses/28712,28712
矽光子學 (OE5037),https://cool.ntu.edu.tw/courses/28803,28803
身體檢查與評估 (BSN2004),https://cool.ntu.edu.tw/courses/29001,29001
身體檢查與評估實習 (BSN2005),https://cool.ntu.edu.tw/courses/29002,29002
內外科護理學一 (BSN3001),https://cool.ntu.edu.tw/courses/29003,29003
內外科護理學二 (BSN3003),https://cool.ntu.edu.tw/courses/29004,29004
計量經濟學的因果推論與預測 (ECON5179),https://cool.ntu.edu.tw/courses/29016,29016
計量經濟理論一B (ECON8819),https://cool.ntu.edu.tw/courses/29017,29017
理論生態學導論 (EEB5096),https://cool.ntu.edu.tw/courses/29026,29026
BIM技術與應用 (CIE5086),https://cool.ntu.edu.tw/courses/29044,29044
衛生保健 (MD&PH5001),https://cool.ntu.edu.tw/courses/29089,29089
身體檢查與評估 (NURSE2007),https://cool.ntu.edu.tw/courses/29108,29108
荷蘭文一上 (FL2029),https://cool.ntu.edu.tw/courses/29144,29144
荷蘭文二上 (FL3195),https://cool.ntu.edu.tw/courses/29285,29285
地球化學分析與實務 (GEO5145),https://cool.ntu.edu.tw/courses/29340,29340
細胞分子生物學 (VM3022),https://cool.ntu.edu.tw/courses/29418,29418
貨幣銀行學甲 (IB2011-01),https://cool.ntu.edu.tw/courses/29473,29473
族群生態與漁業資源永續 (OCEAN5105),https://cool.ntu.edu.tw/courses/29477,29477
國際公法 (LAW2090),https://cool.ntu.edu.tw/courses/29620,29620
認知科學 (GIBMS7004),https://cool.ntu.edu.tw/courses/29665,29665
普通化學甲上 (CHEM1005-01),https://cool.ntu.edu.tw/courses/29666,29666
腦功能影像實驗設計與分析 (GIBMS7112-01),https://cool.ntu.edu.tw/courses/29677,29677
虛擬人與遙現 (NM5631),https://cool.ntu.edu.tw/courses/29717,29717
古代基督教歷史與文化 (LIBEDU1040),https://cool.ntu.edu.tw/courses/29713,29713
財務工程一 (IB7044),https://cool.ntu.edu.tw/courses/29753,29753
雲動力學 (ATMSCI7065),https://cool.ntu.edu.tw/courses/29796,29796
疫苗學 (EPM5027),https://cool.ntu.edu.tw/courses/29881,29881
基因體與蛋白體醫學書報討論I (GENOM8010),https://cool.ntu.edu.tw/courses/29892,29892
環境化學 (ENVE7010),https://cool.ntu.edu.tw/courses/29914,29914
生物技術核心實驗 (PROG5074-02),https://cool.ntu.edu.tw/courses/29964,29964
微積分乙上 (MATH1203-01),https://cool.ntu.edu.tw/courses/29989,29989
普通植物學實驗 (LS1019-03),https://cool.ntu.edu.tw/courses/30121,30121
普通植物學實驗 (LS1019-02),https://cool.ntu.edu.tw/courses/30120,30120
化石實習 (GEO4016),https://cool.ntu.edu.tw/courses/30138,30138
國際併購與重組管理 (IB5063),https://cool.ntu.edu.tw/courses/30216,30216
統計方法 (LING7008),https://cool.ntu.edu.tw/courses/30315,30315
進階語音學 (LING7107),https://cool.ntu.edu.tw/courses/30339,30339
科學研究與學術生涯 (EE3025),https://cool.ntu.edu.tw/courses/30343,30343
典藏自然：自然史博物館巡禮 (EEB5097),https://cool.ntu.edu.tw/courses/30474,30474
日文一上 (JPNL2017-03),https://cool.ntu.edu.tw/courses/30481,30481
日文二上 (JPNL3047-24),https://cool.ntu.edu.tw/courses/30484,30484
日文一上 (JPNL2017-11),https://cool.ntu.edu.tw/courses/30482,30482
日文一上 (JPNL2017-26),https://cool.ntu.edu.tw/courses/30483,30483
區塊鏈導論 (CSIE5300),https://cool.ntu.edu.tw/courses/30520,30520
國際人權法專題討論二 (LAW5198),https://cool.ntu.edu.tw/courses/30545,30545
國際人權法專題討論一 (LAW5197),https://cool.ntu.edu.tw/courses/30544,30544
國際關係一 (PS1011-01),https://cool.ntu.edu.tw/courses/30551,30551
憲法 (LAW1060-01),https://cool.ntu.edu.tw/courses/30546,30546
憲法 (LAWILS7050-01),https://cool.ntu.edu.tw/courses/30547,30547
農業智慧財產權 (BICD5064),https://cool.ntu.edu.tw/courses/30603,30603
數位行銷 (BICD3043),https://cool.ntu.edu.tw/courses/30605,30605
高等生物統計法一 (AGRON5002),https://cool.ntu.edu.tw/courses/30681,30681
老人學概論 (SW5006),https://cool.ntu.edu.tw/courses/30715,30715
植物細胞與組織培養實習 (AGRON5029),https://cool.ntu.edu.tw/courses/30778,30778
食品加工與營養 (FOOD7408),https://cool.ntu.edu.tw/courses/30781,30781
電工實驗(生醫工程) (EE4057),https://cool.ntu.edu.tw/courses/30846,30846
創新醫療器材設計 (BEBI5002),https://cool.ntu.edu.tw/courses/30847,30847
地質調查一 (GEO2012-01),https://cool.ntu.edu.tw/courses/30899,30899
田園生活體驗二 (AGRON1014-07),https://cool.ntu.edu.tw/courses/30977,30977
現代農業體驗二 (AGRON1011-07),https://cool.ntu.edu.tw/courses/30988,30988
民事訴訟法上 (LAWILS7061-01),https://cool.ntu.edu.tw/courses/31068,31068
民事訴訟法甲上 (LAW3271-01),https://cool.ntu.edu.tw/courses/31091,31091
高齡身體活動與營養研究 (SPORT7509),https://cool.ntu.edu.tw/courses/31167,31167
金融科技法制與政策專題研究一 (LAW7317),https://cool.ntu.edu.tw/courses/31200,31200
天文數據分析 (ASPHYS8025),https://cool.ntu.edu.tw/courses/31219,31219
前瞻資訊科技一 (CSIE3015),https://cool.ntu.edu.tw/courses/31314,31314
木材組織學及實驗 (FOREST2018),https://cool.ntu.edu.tw/courses/31414,31414
研究方法學導論 (CLIPHM5003),https://cool.ntu.edu.tw/courses/31608,31608
演算法設計與分析 (CSIE2136-01),https://cool.ntu.edu.tw/courses/31683,31683
西洋政治哲學概論 (PS3201),https://cool.ntu.edu.tw/courses/31706,31706
電工學與實習 (BME2115),https://cool.ntu.edu.tw/courses/31816,31816
電工實驗(電力電子) (EE3022),https://cool.ntu.edu.tw/courses/31839,31839
深度學習於電腦視覺 (COMME5052),https://cool.ntu.edu.tw/courses/31857,31857
食用昆蟲學 (ENT5069),https://cool.ntu.edu.tw/courses/31920,31920
歐洲國際關係與安全合作 (PS4626),https://cool.ntu.edu.tw/courses/31957,31957
分析化學一 (CHEM2007),https://cool.ntu.edu.tw/courses/31964,31964
組合學進階專題 (MATH5289),https://cool.ntu.edu.tw/courses/32004,32004
西歐文明：上古到1400 (HIST1582),https://cool.ntu.edu.tw/courses/31999,31999
計算機程式 (EE1004-03),https://cool.ntu.edu.tw/courses/32049,32049
日文二上 (JPNL3047-12),https://cool.ntu.edu.tw/courses/32089,32089
日文二上 (JPNL3047-13),https://cool.ntu.edu.tw/courses/32090,32090
大學國文：閱讀與寫作（一） (CHIN8016-09),https://cool.ntu.edu.tw/courses/32133,32133
急救物理治療學 (PT1014),https://cool.ntu.edu.tw/courses/32129,32129
教育心理學 (EDUTCH5102-02),https://cool.ntu.edu.tw/courses/32195,32195
英文(附一小時英聽)一 (FL1007-04),https://cool.ntu.edu.tw/courses/32401,32401
英文(附一小時英聽)一 (FL1007-03),https://cool.ntu.edu.tw/courses/32398,32398
英文(附一小時英聽)一 (FL1007-27),https://cool.ntu.edu.tw/courses/32399,32399
英文(附一小時英聽)一 (FL1007-29),https://cool.ntu.edu.tw/courses/32400,32400
骨科學乙 (MED3021),https://cool.ntu.edu.tw/courses/32446,32446
數位訊號處理架構設計 (EE5141),https://cool.ntu.edu.tw/courses/32765,32765
國際生華語 (一) (PTCSL7908-15),https://cool.ntu.edu.tw/courses/32825,32825
鋼琴作品與演奏欣賞 (LIBEDU1020),https://cool.ntu.edu.tw/courses/32921,32921
犬五大蟲媒傳染 (VCS5013),https://cool.ntu.edu.tw/courses/33060,33060
衛生保健 (MD&PH5001),https://cool.ntu.edu.tw/courses/33288,33288
統計學一下 (MGT2002-07),https://cool.ntu.edu.tw/courses/33295,33295
電工實驗(電力電子) (EE3022),https://cool.ntu.edu.tw/courses/33299,33299
作業系統 (CSIE3310-01),https://cool.ntu.edu.tw/courses/33481,33481
網路管理與系統管理實驗 (CSIE1310),https://cool.ntu.edu.tw/courses/33591,33591
財務個案分析 (FIN5001),https://cool.ntu.edu.tw/courses/33612,33612
大學國文：文學鑑賞與寫作（二） (CHIN8013-22),https://cool.ntu.edu.tw/courses/33697,33697
作物學甲 (AGRON2004),https://cool.ntu.edu.tw/courses/33864,33864
計量導論 (FIN2016-02),https://cool.ntu.edu.tw/courses/33973,33973
財務工程二 (IB7045),https://cool.ntu.edu.tw/courses/34070,34070
農業政策分析 (AGEC7087),https://cool.ntu.edu.tw/courses/34462,34462
消費經濟論 (AGEC7146),https://cool.ntu.edu.tw/courses/34464,34464
生物科學繪圖 (EEB5091-01),https://cool.ntu.edu.tw/courses/34535,34535
行政救濟法 (LAW3161-02),https://cool.ntu.edu.tw/courses/34589,34589
德文法學名著選讀一 (LAW4015-02),https://cool.ntu.edu.tw/courses/34607,34607
高等專題研究 (PHYS8001-02),https://cool.ntu.edu.tw/courses/34644,34644
微積分預備課程 (MATH4012),https://cool.ntu.edu.tw/courses/34705,34705
次世代定序、生物資訊學與基因體醫學 (GENOM7009),https://cool.ntu.edu.tw/courses/34963,34963
圖論二 (MATH7704),https://cool.ntu.edu.tw/courses/35543,35543
工程系統之熱管理對策 (ME5048),https://cool.ntu.edu.tw/courses/35598,35598
語料庫輔助華語教學 (PTCSL7250),https://cool.ntu.edu.tw/courses/35648,35648
經濟學學術英文寫作 (ECON5092),https://cool.ntu.edu.tw/courses/35696,35696
機器學習安全特論 (CSIE5436),https://cool.ntu.edu.tw/courses/35701,35701
基因體與蛋白體醫學書報討論Ⅱ (GENOM8002),https://cool.ntu.edu.tw/courses/35700,35700
比較東南亞政治專題 (PS5720),https://cool.ntu.edu.tw/courses/35816,35816
高等作業系統 (CSIE7010),https://cool.ntu.edu.tw/courses/35882,35882
分散式系統 (CSIE5061),https://cool.ntu.edu.tw/courses/35883,35883
國際企業經營策略 (IB3008-02),https://cool.ntu.edu.tw/courses/35972,35972
國際併購與重組管理 (IB5063),https://cool.ntu.edu.tw/courses/35984,35984
應用文及習作 (CHIN4027),https://cool.ntu.edu.tw/courses/36036,36036
英文(附一小時英聽)二 (FL1008-01),https://cool.ntu.edu.tw/courses/36072,36072
二十世紀愛爾蘭戲劇 (FL4154),https://cool.ntu.edu.tw/courses/36084,36084
泛函分析與逼近理論 (COMME7006),https://cool.ntu.edu.tw/courses/36242,36242
食用昆蟲學 (ENT5069),https://cool.ntu.edu.tw/courses/36299,36299
氣候變遷與極端事件：深度學習的應用 (ATMSCI7113),https://cool.ntu.edu.tw/courses/36471,36471
極區氣候變化 (ATMSCI7098),https://cool.ntu.edu.tw/courses/36472,36472
生物科技管理與產業分析 (BIOT7013),https://cool.ntu.edu.tw/courses/36495,36495
服務學習乙 (ME0005-05),https://cool.ntu.edu.tw/courses/36513,36513
社會心理學 (SOC2012),https://cool.ntu.edu.tw/courses/36532,36532
作業系統 (IM2003),https://cool.ntu.edu.tw/courses/36631,36631
骨科學乙 (OT2025),https://cool.ntu.edu.tw/courses/36714,36714
文化創意產業 (SOC3052),https://cool.ntu.edu.tw/courses/36925,36925
宜居城市研究專題 (BP7111),https://cool.ntu.edu.tw/courses/36995,36995
西班牙文學名著選讀二 (FL5076),https://cool.ntu.edu.tw/courses/37084,37084
日文二下 (JPNL3048-12),https://cool.ntu.edu.tw/courses/37167,37167
文藝復興史 (HIST2144),https://cool.ntu.edu.tw/courses/37171,37171
教育心理學 (EDUTCH5102),https://cool.ntu.edu.tw/courses/37556,37556
組合學進階專題二 (MATH5299),https://cool.ntu.edu.tw/courses/37601,37601
華語文教材教法 (TCSL7003-01),https://cool.ntu.edu.tw/courses/37860,37860
密碼學 (EE5060),https://cool.ntu.edu.tw/courses/37950,37950
近代日本國際關係專題 (PS5686),https://cool.ntu.edu.tw/courses/37948,37948
去中心化應用程式之設計實務 (NM5371),https://cool.ntu.edu.tw/courses/37951,37951
創業家思維與創業實務管理 (IB5088),https://cool.ntu.edu.tw/courses/38079,38079
國際生華語 (二) (PTCSL7909-15),https://cool.ntu.edu.tw/courses/38193,38193
鋼琴作品與演奏欣賞 (LIBEDU1020),https://cool.ntu.edu.tw/courses/38357,38357
雲動力學實作 (ATMSCI7100),https://cool.ntu.edu.tw/courses/38471,38471
